onset	duration	sample	trial_type	response_time	stim_file	value
24.3540000000	1.0000000000	n/a	n/a	n/a	n/a	Beep
25.3540000000	1.0000000000	n/a	n/a	n/a	n/a	beep
27.4120000000	1.0000000000	n/a	n/a	n/a	n/a	beep
28.9980000000	1.0000000000	n/a	n/a	n/a	n/a	beep
30.8980000000	1.0000000000	n/a	n/a	n/a	n/a	beep
32.1400000000	1.0000000000	n/a	n/a	n/a	n/a	beep
33.6600000000	1.0000000000	n/a	n/a	n/a	n/a	beep
35.6760000000	1.0000000000	n/a	n/a	n/a	n/a	beep
37.5680000000	1.0000000000	n/a	n/a	n/a	n/a	beep
39.6280000000	1.0000000000	n/a	n/a	n/a	n/a	beep
41.3840000000	1.0000000000	n/a	n/a	n/a	n/a	beep
42.5200000000	1.0000000000	n/a	n/a	n/a	n/a	beep
44.4680000000	1.0000000000	n/a	n/a	n/a	n/a	beep
46.5020000000	1.0000000000	n/a	n/a	n/a	n/a	beep
48.2820000000	1.0000000000	n/a	n/a	n/a	n/a	beep
50.1400000000	1.0000000000	n/a	n/a	n/a	n/a	beep
51.9820000000	1.0000000000	n/a	n/a	n/a	n/a	beep
53.4740000000	1.0000000000	n/a	n/a	n/a	n/a	beep
55.2300000000	1.0000000000	n/a	n/a	n/a	n/a	beep
56.5020000000	1.0000000000	n/a	n/a	n/a	n/a	beep
58.3080000000	1.0000000000	n/a	n/a	n/a	n/a	beep
260.5780000000	1.0000000000	n/a	n/a	n/a	n/a	StartTrigger
946.3990000000	n/a	n/a	n/a	n/a	n/a	boundary
984.8540000000	1.0000000000	n/a	n/a	n/a	n/a	StartTrigger
2159.0120000000	1.0000000000	n/a	n/a	n/a	n/a	StartTrigger
3232.0860000000	1.0000000000	n/a	n/a	n/a	n/a	StartTrigger
4237.4700000000	1.0000000000	n/a	n/a	n/a	n/a	StartTrigger
5239.2520000000	1.0000000000	n/a	n/a	n/a	n/a	StartTrigger
